it,ps1
1,-0.1803554796829665
2,3.164135620181698e-15
