HOUR,EV1
0.08333333333333333,19
0.16666666666666666,19
0.25,19
0.3333333333333333,19
0.41666666666666663,19
0.49999999999999994,19
