HOUR,trans_network1
HOUR_0.08333333333333333,0
HOUR_0.16666666666666666,0
HOUR_0.25,0
HOUR_0.3333333333333333,0
HOUR_0.41666666666666663,0
HOUR_0.49999999999999994,0
