HOUR,E1,E2
0.08333333333333333,False,False
0.16666666666666666,False,False
0.25,False,False
0.3333333333333333,False,False
0.41666666666666663,False,False
0.49999999999999994,False,False
