HOUR,B1,M1,M2,M3,B2,B3,B4,B5,B6
0.08333333333333333,0.0,1769.3387468608598,1769.3387468608598,1769.3387468608598,30353.470360208765,30353.470360208765,30353.470360208765,30353.470360208765,30353.470360208765
0.16666666666666666,0.0,884.6693734304299,884.6693734304299,884.6693734304299,15176.735180104382,15176.735180104382,15176.735180104382,15176.735180104382,15176.735180104382
0.25,0.0,589.7795822869532,589.7795822869532,589.7795822869532,10117.823453402922,10117.823453402922,10117.823453402922,10117.823453402922,10117.823453402922
0.3333333333333333,0.0,442.33468671521496,442.33468671521496,442.33468671521496,7588.367590052191,7588.367590052191,7588.367590052191,7588.367590052191,7588.367590052191
0.41666666666666663,0.0,353.86774937217194,353.86774937217194,353.86774937217194,6070.694072041752,6070.694072041752,6070.694072041752,6070.694072041752,6070.694072041752
0.49999999999999994,0.0,294.8897911434766,294.8897911434766,294.8897911434766,5058.911726701461,5058.911726701461,5058.911726701461,5058.911726701461,5058.911726701461
