HOUR,Bat1
0.08333333333333333,0.1
0.16666666666666666,0.1
0.25,0.1
0.3333333333333333,0.1
0.41666666666666663,0.1
0.49999999999999994,0.1
