HOUR,microgrid1
HOUR_0.08333333333333333,0.575052
HOUR_0.16666666666666666,0.5745907105538538
HOUR_0.25,0.5741294211077075
HOUR_0.3333333333333333,0.5736681316615613
HOUR_0.41666666666666663,0.35790655043875796
HOUR_0.49999999999999994,0.07274555276926883
